split,variant,resample,profile_auroc,drug_auroc
test,structure,0,0.9943650728672017,0.9848675914249684
test,structure,1,0.9974844440805634,0.9937263556116016
test,structure,2,0.9953352710004912,0.9868694829760405
test,measured,0,0.751244473554937,0.6005989911727617
test,measured,1,0.7709349926314066,0.6040037831021438
test,measured,2,0.7689864090388079,0.5889974779319042
test,frozen_pred,0,0.7576387751760276,0.5901324085750315
test,frozen_pred,1,0.9245005731128214,0.8216582597730139
test,frozen_pred,2,0.9151956770918617,0.8068726355611601
test,chemberta_frozen,0,0.9931472081218274,0.9843158890290038
test,chemberta_frozen,1,0.9944981169150157,0.9860182849936948
test,chemberta_frozen,2,0.9942688717864745,0.9862389659520806
test,cell_dose_only,0,0.5327472572457836,0.5252206809583859
test,cell_dose_only,1,0.5341595709841167,0.5452080706179068
test,cell_dose_only,2,0.5526138038316686,0.5692622950819671
test,tuned_E,0,0.9755894874733912,0.9405737704918032
test,tuned_E,1,0.9755731128213525,0.9376733921815888
test,tuned_E,2,0.97065252988374,0.9236759142496849
test,chemberta_ft,0,0.9944387588013754,0.9877206809583858
test,chemberta_ft,1,0.9962481578516457,0.9921658259773014
test,chemberta_ft,2,0.9962276895365973,0.9924810844892812
test,chemberta_meta,0,0.9956054527591288,0.9904476670870113
test,chemberta_meta,1,0.997607253970853,0.9955548549810845
test,chemberta_meta,2,0.9961048796463076,0.9902900378310214
drug,structure,0,0.4831061410418879,0.5097222222222222
drug,structure,1,0.5633368592141585,0.604978354978355
drug,structure,2,0.5561334014822388,0.6006981740064447
drug,structure,3,0.24883049435110363,0.5943775100401606
drug,structure,4,0.6007120861137679,0.6413237924865832
drug,structure,5,0.36900165471594043,0.508888888888889
drug,structure,6,0.4649571789680194,0.5342312008978675
drug,structure,7,0.6071717008560814,0.5384394721744119
drug,structure,8,0.7004375408385236,0.5961298377028716
drug,structure,9,0.4579449344142364,0.6165772212283841
drug,measured,0,0.46915779018392306,0.41694444444444445
drug,measured,1,0.539679058847811,0.4412878787878788
drug,measured,2,0.49632634807053416,0.4419978517722879
drug,measured,3,0.7093444179601962,0.4437751004016064
drug,measured,4,0.3840897405419152,0.44126416219439474
drug,measured,5,0.37518208946780374,0.4333333333333333
drug,measured,6,0.4702202044845756,0.5151515151515151
drug,measured,7,0.544930813546546,0.53184165232358
drug,measured,8,0.44161021645451315,0.4775280898876405
drug,measured,9,0.31178276116199777,0.5008944543828264
drug,frozen_pred,0,0.5137000376751036,0.47333333333333333
drug,frozen_pred,1,0.5634142565981269,0.5570887445887446
drug,frozen_pred,2,0.663646818297981,0.588077336197637
drug,frozen_pred,3,0.8606670154835959,0.49655765920826156
drug,frozen_pred,4,0.5197509910049372,0.5068574836016696
drug,frozen_pred,5,0.5968857397428826,0.6622222222222223
drug,frozen_pred,6,0.5169837896298906,0.4845679012345679
drug,frozen_pred,7,0.40758089700102296,0.3749282845668388
drug,frozen_pred,8,0.5995880995508797,0.5783395755305867
drug,frozen_pred,9,0.7734719826364426,0.4836016696481813
drug,chemberta_frozen,0,0.3801931705312189,0.4691666666666667
drug,chemberta_frozen,1,0.5054178168777895,0.637987012987013
drug,chemberta_frozen,2,0.4635637618195758,0.665950590762621
drug,chemberta_frozen,3,0.2286165533011647,0.5355708548479633
drug,chemberta_frozen,4,0.5096833759958425,0.6162790697674418
drug,chemberta_frozen,5,0.3583308583308583,0.5325
drug,chemberta_frozen,6,0.5236427430612323,0.5791245791245792
drug,chemberta_frozen,7,0.5762262423948743,0.5304073436603557
drug,chemberta_frozen,8,0.5213352853113653,0.6101747815230961
drug,chemberta_frozen,9,0.1393862824655604,0.5268336314847942
drug,cell_dose_only,0,0.5242490666849334,0.47097222222222224
drug,cell_dose_only,1,0.5593895926317691,0.6034902597402597
drug,cell_dose_only,2,0.4278335037055967,0.4227980665950591
drug,cell_dose_only,3,0.43539716683138574,0.5711417096959265
drug,cell_dose_only,4,0.45016502927403707,0.5008944543828265
drug,cell_dose_only,5,0.4492447706733421,0.5609722222222222
drug,cell_dose_only,6,0.47754882603719956,0.44163860830527496
drug,cell_dose_only,7,0.5222567705809509,0.5534997131382674
drug,cell_dose_only,8,0.46432263880962427,0.5107677902621722
drug,cell_dose_only,9,0.47456341396913326,0.4421586165772212
drug,tuned_E,0,0.5093417131897112,0.5336111111111111
drug,tuned_E,1,0.7147841902943681,0.6279761904761905
drug,tuned_E,2,0.5882507027855866,0.6436627282491945
drug,tuned_E,3,0.8668410751312906,0.6201950659781984
drug,tuned_E,4,0.6210408177933071,0.638938580799046
drug,tuned_E,5,0.5398263255406113,0.6330555555555556
drug,tuned_E,6,0.5568306148370789,0.6029741863075196
drug,tuned_E,7,0.5713131965756744,0.4868043602983362
drug,tuned_E,8,0.6246329702323349,0.5739700374531835
drug,tuned_E,9,0.7463076794328769,0.6431127012522362
drug,chemberta_ft,0,0.5112854060348666,0.5411111111111112
drug,chemberta_ft,1,0.5493472820618663,0.6561147186147186
drug,chemberta_ft,2,0.42407998977766426,0.5945220193340492
drug,chemberta_ft,3,0.1879367478634963,0.6029833620195065
drug,chemberta_ft,4,0.5939450565854143,0.6332737030411449
drug,chemberta_ft,5,0.5147156575728005,0.6486111111111111
drug,chemberta_ft,6,0.518272822163814,0.5939955106621774
drug,chemberta_ft,7,0.5790933074893663,0.5559380378657488
drug,chemberta_ft,8,0.5415002109128806,0.5661672908863921
drug,chemberta_ft,9,0.5784734538955972,0.5748360166964819
drug,chemberta_meta,0,0.5199249922937288,0.5083333333333334
drug,chemberta_meta,1,0.5430651943964293,0.5960497835497836
drug,chemberta_meta,2,0.507813697929977,0.6699785177228786
drug,chemberta_meta,3,0.3464449741294111,0.5645438898450947
drug,chemberta_meta,4,0.5374757431845951,0.6714370900417412
drug,chemberta_meta,5,0.5033306461877891,0.6058333333333333
drug,chemberta_meta,6,0.5566419759296755,0.6192480359147026
drug,chemberta_meta,7,0.6309427663813062,0.5708548479632817
drug,chemberta_meta,8,0.6294384754720727,0.6045568039950062
drug,chemberta_meta,9,0.5132602293004636,0.6174716756112104
scaffold,structure,0,0.568946696325589,0.4440227703984819
scaffold,structure,1,0.6413925691560652,0.5702411994784876
scaffold,structure,2,0.5770164759177184,0.5859728506787331
scaffold,structure,3,0.587312876786561,0.6391625615763548
scaffold,structure,4,0.5599647266313933,0.5694736842105264
scaffold,structure,5,0.5491159368695859,0.65936329588015
scaffold,structure,6,0.18749843268462976,0.6472491909385113
scaffold,structure,7,0.5851870719420389,0.6434782608695652
scaffold,structure,8,0.2866525930691963,0.5478777343184122
scaffold,structure,9,0.39705351339640355,0.5201450443190975
scaffold,measured,0,0.543273191629593,0.5673624288425048
scaffold,measured,1,0.44941774877507523,0.49266623207301175
scaffold,measured,2,0.4068234038614411,0.4396681749622926
scaffold,measured,3,0.5188590846485583,0.47235905856595506
scaffold,measured,4,0.47465311919589204,0.5035087719298246
scaffold,measured,5,0.5636762786282188,0.5187265917602997
scaffold,measured,6,0.5961302158605716,0.5254486613709914
scaffold,measured,7,0.5207024395766118,0.5416149068322982
scaffold,measured,8,0.7043810718976491,0.4837027379400261
scaffold,measured,9,0.4578288116960754,0.4609186140209508
scaffold,frozen_pred,0,0.5306372549019608,0.571157495256167
scaffold,frozen_pred,1,0.8192395579285039,0.540580182529335
scaffold,frozen_pred,2,0.47342400714355715,0.44457013574660637
scaffold,frozen_pred,3,0.6045744993113414,0.5429666119321291
scaffold,frozen_pred,4,0.5045418364002435,0.5368421052631579
scaffold,frozen_pred,5,0.5915925002966654,0.552059925093633
scaffold,frozen_pred,6,0.8783050556644427,0.5684024713150927
scaffold,frozen_pred,7,0.4586517235523858,0.4467908902691512
scaffold,frozen_pred,8,0.3076577031676229,0.4925394755903231
scaffold,frozen_pred,9,0.405856061882638,0.53102336825141
scaffold,chemberta_frozen,0,0.5427891744933268,0.5798861480075902
scaffold,chemberta_frozen,1,0.42035682112802936,0.6046284224250326
scaffold,chemberta_frozen,2,0.6424410057605819,0.6787330316742082
scaffold,chemberta_frozen,3,0.45259545259545264,0.5125889436234264
scaffold,chemberta_frozen,4,0.35916405237939164,0.3589473684210526
scaffold,chemberta_frozen,5,0.5672837308650764,0.5941947565543071
scaffold,chemberta_frozen,6,0.6762592966548541,0.5812003530450132
scaffold,chemberta_frozen,7,0.5507443255787626,0.645134575569358
scaffold,chemberta_frozen,8,0.17093252649434487,0.6097348978704911
scaffold,chemberta_frozen,9,0.5128427336847934,0.5100725221595487
scaffold,cell_dose_only,0,0.4921784890426758,0.5869070208728653
scaffold,cell_dose_only,1,0.47570584228681906,0.4519230769230769
scaffold,cell_dose_only,2,0.45668673977197244,0.4407993966817496
scaffold,cell_dose_only,3,0.5531000925737768,0.5833333333333333
scaffold,cell_dose_only,4,0.5111165738009397,0.5440350877192982
scaffold,cell_dose_only,5,0.6110715557137772,0.4730337078651685
scaffold,cell_dose_only,6,0.48301954029815286,0.4483671668137687
scaffold,cell_dose_only,7,0.483847002886738,0.508488612836439
scaffold,cell_dose_only,8,0.507572623485183,0.5367955961176301
scaffold,cell_dose_only,9,0.5012236906510035,0.4570910556003223
scaffold,tuned_E,0,0.6178118306145988,0.6432637571157497
scaffold,tuned_E,1,0.8104211983389361,0.5999022164276402
scaffold,tuned_E,2,0.602988097701212,0.5720211161387633
scaffold,tuned_E,3,0.7008794508794509,0.6518883415435139
scaffold,tuned_E,4,0.6093006196251034,0.6101754385964911
scaffold,tuned_E,5,0.6743087694315889,0.6161048689138576
scaffold,tuned_E,6,0.8852104822051962,0.6106207708149456
scaffold,tuned_E,7,0.547305711212996,0.47950310559006215
scaffold,tuned_E,8,0.4607032899249704,0.5820657685064464
scaffold,tuned_E,9,0.5981399902104748,0.6216760676873488
scaffold,chemberta_ft,0,0.5826330532212884,0.5992409867172674
scaffold,chemberta_ft,1,0.488779030167205,0.5667372881355932
scaffold,chemberta_ft,2,0.514249000882055,0.6165158371040724
scaffold,chemberta_ft,3,0.5361658651132335,0.5012315270935961
scaffold,chemberta_ft,4,0.681884159760266,0.6996491228070175
scaffold,chemberta_ft,5,0.4689925240299039,0.5625468164794007
scaffold,chemberta_ft,6,0.5853074907775864,0.601353339217417
scaffold,chemberta_ft,7,0.41569026999490577,0.5233954451345756
scaffold,chemberta_ft,8,0.27291116085909206,0.6174127191076344
scaffold,chemberta_ft,9,0.47784919316659047,0.5326349717969379
scaffold,chemberta_meta,0,0.5480618718075465,0.5612903225806453
scaffold,chemberta_meta,1,0.444795992353833,0.5438396349413299
scaffold,chemberta_meta,2,0.4954536049917784,0.5686274509803921
scaffold,chemberta_meta,3,0.5487225947752263,0.511767925561029
scaffold,chemberta_meta,4,0.6569352749293752,0.6343859649122807
scaffold,chemberta_meta,5,0.537937581583007,0.547191011235955
scaffold,chemberta_meta,6,0.7277451116258504,0.5732568402471315
scaffold,chemberta_meta,7,0.44523688232297504,0.5511387163561077
scaffold,chemberta_meta,8,0.3382661824214741,0.6431986093003043
scaffold,chemberta_meta,9,0.5514872856535311,0.613215149073328
